channel,key
TEDx Talks,206
iPad Rehab,190
DW Documentary,104
Vitality Medical Wellness Institute,95
Dr. Todd Grande,79
California Garden TV,78
PowerfulJRE,78
Abom79,70
Fox News,67
Doctor Mike,66
Journeyman Pictures,64
Doctor Mike Hansen,63
NBC News,51
60 Minutes Australia,49
vpro documentary,42
Understood,36
Dr. John Campbell,33
#18 on Trending,28
TED,27
Unacademy GATE - ME,25
Dr. Tom LaHue,23
MSNBC,23
KUSI News,23
Louis Rossmann,21
Roots and Refuge Farm,21
GQ,20
IV Organic,20
Medscape,20
Gardener Scott,19
Our Tribe of Many,19
globalvoodoo,19
MedCram - Medical Lectures Explained CLEARLY,18
Talks at Google,18
The Ripe Tomato Farms,18
Paul Daniels,17
Keith Rucker - VintageMachinery.org,17
Jamie Oliver,17
EngelsCoachShop,17
Ninja Nerd Science,17
EMCrit,15
London,15
North Shore Stress & Anxiety Clinic,15
ABC News,14
Linus Tech Tips,14
Bob & Brad,14
The New York Times,14
Tone and Tighten,14
Los Angeles,13
Alexander Fox,13
HotandFlashy,13
Channel 4 News,13
HooverInstitution,13
Mike Tyson,12
Abbey Howe,12
Back Intelligence,12
GQ Sports,12
The Agenda with Steve Paikin,12
DIY Perks,11
Gregoriana Amsterdam,11
CADDAC Centre for ADHD Awareness Canada,11
University of California Television (UCTV),11
Hollis & Nancy's Homestead,10
FRONTLINE PBS | Official,10
Real Royalty,10
Yahoo Finance,10
Anthony OnAir,9
Dr. Daniel Fox,9
Elex Michaelson,9
Serious Science,9
MedCircle,9
Valuetainment,8
RockBridgeIsland,8
Vanity Fair,8
TradingCoachUK,8
Brian Boxer Wachler,8
Vincent Racaniello,7
DW News,7
Wonder,7
Michael Moore,7
Advanced Placement,7
THE REAL BRAD LEA,7
The Daily Show with Trevor Noah,7
Physio Fitness | Physio REHAB | Tim Keeley,7
Wim Hof,7
Upright Health,7
Skavlan,6
Beau Davidson,6
The Late Show with Stephen Colbert,6
SHOWTIME Basketball,6
The Boiler Room,6
Jocko Podcast,6
San Diego,6
The Black Swan Group,6
PBS NewsHour,6
The Recycled Life,6
Violin MD,6
WIRED,6
Guilty of Treeson,6
ThriftSchool,6
#Mind Warehouse,6
Harper's BAZAAR,6
WIRED UK,6
Michael Builds,6
Late Night with Seth Meyers,6
Jordan B Peterson,5
REWA Technology,5
QI,5
Home RenoVision DIY,5
Rick Beato,5
Prairie Public,5
How To Academy,5
ilovecookingireland,5
MIT OpenCourseWare,5
Kreatryx,5
CNA Insider,5
CNBC Television,5
DeepMind,5
Bloomberg,5
LemonadeMom,5
MotivationHub,5
Robert Tudisco,4
COME ALONG,4
CaliKim29 Garden & Home DIY,4
Vox,4
THRIFT STORE GOLD,4
FuryTV,4
The Royal Institution,4
Cityline,4
The Enneagram Workshop,4
VICE,4
Sportology,4
"Jamerrill Stewart, Large Family Table",4
Unbox Therapy,4
UC Davis MIND Institute,4
Directed Life with Kap Chatfield,4
Thrilled Thrifter,4
Scott Paul Johnson,3
Motivation Madness,3
Technique Critique,3
Peter McKinnon,3
Sky News,3
Rhett Shull,3
Restore Sight,3
Pask Makes,3
#12 on Trending,3
British GQ,3
CBC News: The National,3
CareyHolzman,3
EEVblog,3
Alexander Pärleros,3
Drbeen Medical Lectures,3
UC Davis Health,3
Christy Wright,3
Fringes,3
iDreamCareer,3
Discovery UK,3
Digiday,3
Daniele Tartaglia,3
Daisy Creek Farms with Jag Singh,3
Buon-A-Petitti,3
Business Insider,2
Medlife Crisis,2
Syndicado TV,2
CBC News,2
Mark Bowden,2
BuzzFeedVideo,2
Goalcast,2
WIRED Masterminds,2
MIgardener,2
CMX,2
Merlin Tuttle's Bat Conservation,2
China in Focus - NTD,2
Lewis Howes,2
Vector,2
Lectures by Walter Lewin. They will make you ♥ Physics.,2
Learning with Mark Warren,2
Learn Organic Gardening at GrowingYourGreens,2
Living Off Grid w/ Jake & Nicole,2
WORLD.MINDS,2
LMG Clips,2
Stanford Health Care,2
RALLI ROOTS,2
RADIO.COM,2
shell.belle,2
PierceCollegeDist11,2
AVSwood,2
Pete Farrugia Guitar Teacher,2
Advanced Chiropractic Relief,2
Peppa Pig Deutsch - Offizieller Kanal,2
Ruptly,2
five watt world,2
Al Jazeera English,2
STS Telecom,2
PBS,2
Andrew DC TV,2
Scott Head,2
NewYork-Presbyterian Hospital,2
Simulation,2
Nahre Sol,2
YouTube Originals,2
NTD,2
SkyHooked,2
MulliganBrothers,2
Stanford,2
Montemayor,2
Mindvalley Talks,2
Lake Charles Memorial Health System,2
CGTN America,2
Hot Ones,2
Tofua,2
Timeline - World History Documentaries,2
TheQuartering,2
Göteborgsregionen Utbildning,2
Jason Salotti,2
HandCraft,2
Jason Fung,2
ImedexCME,2
Inspiring Habit,2
Real Vision Finance,2
The Millennial Gardener,2
Impeccable Skillz,2
ExpressITpl,2
The Outcome,2
Innovative Genomics Institute – IGI,2
Gardens That Matter,2
Jens Larsen,2
The Economist,2
John Kirkwood,2
Fox Business,2
Hustle at Home Mom,2
Fstoppers,2
Global News,2
The Try Guys,2
The Washington Center for Cognitive Therapy,2
UCLA Health,2
Jesse Lemieux,2
Gary Pilarchik (The Rusted Garden),2
create,1
San Francisco Bay Area Center for Cognitive Therapy,1
SUCCESS Magazine,1
euronews (in English),1
beckyparkonposhmark,1
TomHessMusicCorp,1
anarchi.st,1
The University of Melbourne,1
Top Branch Tree Service,1
abcqanda,1
Samantha Reisman,1
VICE News,1
TheDooo,1
TheGrowGeek,1
zoltán Zakar,1
wasaexpress,1
turksvids,1
TileCoach,1
truly,1
Richie Woo Woo King,1
tfnncorp,1
Rivers Crossing,1
Rob Bob's Aquaponics & Backyard Farm,1
"smartmod - iPhone, Smartphone, iPad & Mac Reparatur Sachsenhausen",1
Rob Mies,1
jimgaffigan,1
RochestersEarl,1
ZDoggMD,1
funkyscope,1
RovePestControl,1
SABC News,1
RoomieOfficial,1
Spirit Tribe Awakening,1
Torbjörn Åhman,1
Viper TV - FILMS,1
TED Archive,1
The Gottman Institute,1
WHAT'S INSIDE? FAMILY,1
Tim van der vliet,1
WELCOME TO THE FISHBOWL WITH THE SKULLSTER,1
Vsauce,1
THE WADS,1
The Finest,1
USA,1
TAUVOD,1
TJR,1
TVO Docs,1
Ultimate Handyman,1
The Debrief Show,1
UnHerd,1
United States,1
Tallinn,1
Valley ENT,1
The Graham Norton Show,1
The House of Obsessive Compulsives,1
Yes Theory,1
Trend Max,1
Sky Creative HD,1
World of Jazz,1
Traditional Wing Chun Kung Fu,1
VICE Asia,1
The Rich Dad Channel,1
World Science Festival,1
Stacey Roshan,1
Wild North Design Company,1
Washington D. C.,1
Switzerland,1
Stanford Graduate School of Business,1
WOKE NATION,1
Star Vlog,1
StarMediaEN,1
TrueFire,1
The List,1
UBMD Orthopaedics & Sports Medicine,1
Steps for Change,1
TheMilitaryConceptChannel,1
Marks Piano - PGN Piano,1
Real Time with Bill Maher,1
Crouton Crackerjacks,1
DiEM25,1
Denver7 – The Denver Channel,1
David Bruce Composer,1
DOPE or NOPE,1
DJDiscoCatV2,1
DB MOBILIER,1
CubeHub01,1
Crossroads with JOSHUA PHILIPP,1
Dr. Jen Caudle,1
CrashCourse,1
Common Ego,1
ColdFusion,1
ClutchPoints,1
Chromosome8,1
Cheap Trick,1
Chatham House,1
DoctorOz,1
Dr. Tracey Marks,1
Center for Strategic & International Studies,1
Futurology,1
Grunge,1
GoogleTechTalks,1
Good Machine,1
Gardening is my Passion,1
GadgetMatch,1
GRCCtv,1
GATE ACADEMY GLOBAL,1
Food52,1
Dream Police,1
Florida,1
FULLER studio,1
FRANCE 24 English,1
Exploring Alternatives,1
Essential Craftsman,1
Elvis Duran Show,1
Easy Do,1
Charlie Rose,1
CMHA Central Alberta,1
Rascal Flatts,1
ACE Engineering Academy,1
Alexander Roth,1
Ahlulbayt TV,1
After Skool,1
Advoko MAKES,1
Above The Noise,1
Aaron Abke,1
AIERvideo,1
ABC News (Australia),1
AsapSCIENCE,1
9 News Australia,1
5-Minute Crafts VS,1
2HMC Archive,1
1tripz1 Poker Hands,1
13 O'Clock Podcast,1
1091 ON DEMAND,1
- Sport. Videos. Sv,1
Anonymous Analysts,1
Aspiring Craftsman,1
CHALLENGE ACCEPTED,1
BootlegTunzWorld,1
CGTN,1
CBS News,1
CBN News,1
CBC,1
Buckin' Billy Ray Smith,1
Breakfast Club Power 105.1 FM,1
Brave Wilderness,1
Bonus Round,1
BBC Earth,1
Bonn Convention,1
Bloomberg Markets and Finance,1
Blacktail Studio,1
Be Creative,1
BarryHarrisVideos,1
Back To Reality,1
BBC News,1
GuitarJamz,1
Guitarist,1
Heart,1
Mustie1,1
Off Grid Athlete,1
NewSchoolCommonweal,1
New England Biolabs,1
Nesting Haven,1
NYU Langone Health,1
My Self Reliance,1
My Name Is Andong,1
MusicTheoryForGuitar,1
OssanHOYHOY,1
Mr.Vereshchak,1
Motiversity,1
Motivation2Study,1
Mogi Beth,1
Mind To Made,1
Mettaverse Music,1
Men's Health,1
Oh Yum with Anna Olson,1
Outdoors With The Morgans,1
Herbie Hancock,1
Phnom Penh,1
Raising Good Parents,1
Psychology In Seattle,1
Pro Home Cooks,1
Principles by Ray Dalio,1
Precision Day Trading,1
Positive couple. Позитивная парочка.,1
PokerXpress,1
Performance Coaching,1
Oxygen Advantage,1
Peppa Pig - Official Channel,1
Penguin Books UK,1
Peace of Mind Foundation,1
Paul Lynch,1
Paul Gostelow,1
Pastor West,1
PHILLIPS FamBam,1
Med School Insiders,1
Matt D'Avella,1
Matt Anderson,1
Intelligence Squared,1
Jenny Can Cook,1
JavaJazzFest,1
Jared Harrison,1
Jamie Gos,1
Jakkie Brennan,1
Isiajno,1
Invicta,1
InnerBark Outdoors,1
Mark Felton Productions,1
ITV News,1
IDLES,1
Hoops Madness,1
HomeMade in Lviv,1
Home Grown Veg,1
Hobbs House Bakery,1
Hiram,1
JerrysBrokenTap,1
"Jordan Page, FunCheapOrFree",1
Joseph Wouk,1
Julia Kristina Counselling,1
Mama Doctor Jones,1
Make Everything,1
MadeOfMillions,1
MULLIGAN BROTHERS INTERVIEWS,1
Los Angeles Times,1
Lindey Glenn,1
Leroy G.,1
Leggari Products,1
Leeann & Michelle,1
Le Monde de Little Angel Français - Comptines Bébé,1
Kramer Ammons,1
King's Fine Woodworking,1
JxmyHighroller,1
JustALazyGamer,1
"Just One Bite, Please?",1
温州艾奥科技,1
