title,channel,genre,id,key
ðŸ”´ Al Jazeera English | Live,Al Jazeera English,News & Politics,30qZjexZ8bQ,54
The Discipline of Finishing: Conor Neill at TEDxUniversidaddeNavarra,TEDx Talks,Nonprofits & Activism,zXCiv4sc5eY,30
The Day the Mesozoic Died: The Asteroid That Killed the Dinosaurs â€” HHMI BioInteractive Video,biointeractive,Science & Technology,tRPu5u_Pizk,29
NASA Live: Official Stream of NASA TV,NASA,Science & Technology,21X5lGlDOfg,28
The mathematics of weight loss | Ruben Meerman | TEDxQUT (edited version),TEDx Talks,Nonprofits & Activism,vuIlsN32WaE,27
The Napoleonic Wars (PARTS 1-6),Epic History TV,Education,91OmO2YMiDM,25
SpaceX Starship at Voyager Station:Station Construction,The Gateway Foundation,Science & Technology,hJ6wwA9wXog,24
Is China facing a global backlash against coronavirus? | Inside Story,Al Jazeera English,News & Politics,SPWiUJzyYno,24
Al Jazeera Arabic Live Stream HD- Ø§Ù„Ø¨Ø« Ø§Ù„Ø­ÙŠ Ù„Ù‚Ù†Ø§Ø© Ø§Ù„Ø¬Ø²ÙŠØ±Ø© Ø§Ù„Ø¥Ø®Ø¨Ø§Ø±ÙŠØ© Ø¨Ø¬ÙˆØ¯Ø© Ø¹Ø§Ù„ÙŠØ©,Al Jazeera Arabic Ù‚Ù†Ø§Ø© Ø§Ù„Ø¬Ø²ÙŠØ±Ø©,News & Politics,_LH87G8buEM,24
"Frank Abagnale: ""Catch Me If You Can"" | Talks at Google",Talks at Google,People & Blogs,vsMydMDi3rI,23
Life in North Korea | DW Documentary,DW Documentary,Education,StjIv33zJ9c,23
Watch Full Coronavirus Coverage - May 6 | NBC News Now (Live Stream),NBC News,News & Politics,N_ESahO0r9s,22
1918 Spanish Flu historical documentary | Swine Flu Pandemic | Deadly plague of 1918,Chromosome8,People & Blogs,UDY5COg2P2c,20
Master Shi Heng Yi â€“ 5 hindrances to self-mastery | Shi Heng YI | TEDxVitosha,TEDx Talks,Nonprofits & Activism,4-079YIasck,19
"Money, happiness and eternal life - Greed (director's cut) | DW Documentary",DW Documentary,Education,CVuVlk2E_e4,18
The Space Shuttle (Narrated by William Shatner),NASA,Science & Technology,SvaG0xDdP8g,18
The Skill of Humor | Andrew Tarvin | TEDxTAMU,TEDx Talks,Nonprofits & Activism,MdZAMSyn_As,18
"Soyuz undocking, reentry and landing explained","European Space Agency, ESA",Science & Technology,-l7MM9yoxII,17
Shenzhen: The Silicon Valley of Hardware (Full Documentary) | Future Cities | WIRED,WIRED UK,Science & Technology,SGJ5cZnoodY,17
Visiting North Korea | DW Documentary,DW Documentary,Education,reEZn3mJ-Fo,17
The Year of Pluto - New Horizons Documentary Brings Humanity Closer to the Edge of the Solar System,NASA,Science & Technology,EJxwWpaGoJs,16
History of Russia (PARTS 1-5) - Rurik to Revolution,Epic History TV,Education,w0Wmc8C0Eq0,16
2. The Bronze Age Collapse - Mediterranean Apocalypse,Fall of Civilizations,Education,B965f8AcNbw,15
Alexander the Great (All Parts),Epic History TV,Education,K7lb6KWBanI,15
1000 AD: A Tour of the Viking World // Vikings Documentary,History Time,Education,G3_iLTpTYhY,15
